{
    "_id" : ObjectId("5d25818fb460a8e633afd135"),
    "name" : "040_TRANSFORM",
    "cron_trigger" : "0/10 * * * * ?",
    "active" : true,
    "project_id" : ObjectId("5d1efa6345d56500143bb348"),
    "version" : "0",
    "filter" : {
        "collector" : {
            "doc_status" : 350,
            "batch_status" : "",
            "doc_set_status" : ""
        },
        "transform" : {
            "pattern" : ""
        }
    },
    "rules" : {
        "common" : [ 
            {
                "convertNumber" : "function convertNumber(input) { input = input.toString().replace(/ /g,''); if(input.length ===0) return ''; if((input.split('.').length < 2) && (input.split(',').length < 2)) return `${input},00`;if (input == '') { return '';}; var input = input.replace(/[.]/g, '*').replace(/[,]/g, '*'); var positon_star = -1;var have_star = 'khong'; var length_after_star = 0;var value_after_star = ''; var value_before_star = '';positon_star = input.lastIndexOf('*');if (positon_star > -1) { have_star = 'co'; length_after_star = (input.substring(positon_star + 1, input.length)).length; value_before_star = (input.substring(0, positon_star)).replace(/\\*/g, '');value_after_star = (input.substring(positon_star + 1, input.length)).replace(/\\*/g, '');};if (have_star == 'co' && length_after_star == 2) { return value_before_star + ',' + value_after_star;} else if (have_star == 'co' && length_after_star == 0) {return value_before_star + ',00' + value_after_star;} else if (have_star == 'co' && length_after_star == 1) {return value_before_star + ',' + value_after_star + '0';} else { return input.replace(/\\*/g, '');}}"
            }, 
            {
                "getImageName" : "function getImage(input){let path = input && input[0]; if(path){return path.split('/').pop();}else{return '';}}"
            }, 
            {
                "convertIsoDate" : "function convertISODate(isoDateString) { let date = new Date(isoDateString) ; let year = date.getFullYear(); let month = date.getMonth()+1; let day = date.getDate(); if (day < 10) {day = '0' + day;} if (month < 10) { month = '0' + month;} return `${day}.${month}.${year}`;}"
            }
        ],
        "content" : {
            "H4" : {
                "dataKey" : "p3",
                "default" : "P3"
            },
            "H0" : {
                "dataKey" : "h0",
                "default" : "function(input, parent, params){ const type = params.document_link.link_type;if(type===\"imap\"){return  params.document_link.doc_name;} else if(type ===\"sftp\"){return params.doc_set_name;}if(params.doc_uri.filter(item=>item.includes(\"Mail\")).length){ return params.batch_name;} return params.doc_set_name;}"
            },
            "H3" : {
                "dataKey" : "rechnungtype",
                "value" : "function(input, parent, params){if(input === \"Rechnung\") {return \"R\";} else if(input === \"Gutschrift\") {return \"G\";} else if(input === \"Mahnung\") {return \"M\";} else {return \"S\";}}"
            },
            "H9" : {
                "dataKey" : "debitor_nr",
                "value" : "function(input){return input || \"999\"; }"
            },
            "H15" : {
                "dataKey" : "auftragsbestell_nr",
                "value" : "function(input, parent, params){ return input || \"2222222222\";}"
            },
            "H10" : {
                "dataKey" : "betriebsstellen_bst",
                "value" : "function(input, parent, params){ return input || \"7777\";}"
            },
            "H11" : {
                "dataKey" : "abteilung_abt",
                "value" : "function(input, parent, params){ if(input == '') return ''; else return input;}"
            },
            "H12" : {
                "dataKey" : "rechnung_nr",
                "value" : "function(input, parent, params){ if(input == '') return '0'; else return input;}"
            },
            "H13" : {
                "dataKey" : "rechnungsdatum",
                "value" : "function(input, parent, params){return input? input.slice(0,2) + \".\" + input.slice(2,4) + \".\" + input.slice(4) :\"\";}"
            },
            "H14" : {
                "dataKey" : "h14",
                "default" : "function(input, parent, params){ if(params.document_link && ( params.document_link.link_type === 'sftp' )) return params.convertIsoDate(params.document_link.last_modified || params.document_link.create_time);  if(params.document_link && ( params.document_link.link_type.toUpperCase() === 'IMAP' )) return params.convertIsoDate(params.document_link.mail.received) ; }"
            },
            "H66" : {
                "dataKey" : "vertragsnr_fm",
                "default" : "",
                "value" : "function(input, parent, params){ return input || '';}"
            },
            "H24" : {
                "dataKey" : "lieferschein_nr",
                "value" : "function(input, parent, params){ if(!input && (parent['abteilung_abt']<700 && (parent['abteilung_abt'].length > 0))) return '2222222222'; else return input;}"
            },
            "H33" : {
                "dataKey" : "lieferanten_nr_bbn",
                "default" : ""
            },
            "H35" : {
                "dataKey" : "land",
                "default" : ""
            },
            "H37" : {
                "dataKey" : "lieferanten_name",
                "default" : ""
            },
            "H38" : {
                "dataKey" : "netto",
                "value" : "function(input, parent, params){return params.convertNumber(input);}"
            },
            "H51" : {
                "dataKey" : "steuerstatz",
                "value" : "function(input, parent, params){return params.convertNumber(input);}"
            },
            "H52" : {
                "dataKey" : "steuerbetrag",
                "value" : "function(input, parent, params){return params.convertNumber(input);}"
            },
            "H53" : {
                "dataKey" : "brutto",
                "value" : "function(input, parent, params){return params.convertNumber(input);}"
            },
            "H54" : {
                "dataKey" : "wahrung",
                "default" : ""
            },
            "H56" : {
                "dataKey" : "h56",
                "default" : "function(input, parent, params){ return params[\"H0\"]; }"
            },
            "H58" : {
                "dataKey" : "kostenstelle_kst",
                "value" : "function(input, parent, params){ if( (parent['betriebsstellen_bst'] == '6666') || (parent['betriebsstellen_bst'] == '666') || parent['vertragsnr_fm'] ) return '6666666666'; if(input) return input; if(!input && parent['abteilung_abt']) return ''; if(!input) return '7777777777';}"
            },
            "H64" : {
                "dataKey" : "sachkonto_kto",
                "default" : ""
            },
            "H67" : {
                "dataKey" : "innenauftrag_ia",
                "default" : ""
            },
            "H63" : {
                "dataKey" : "auftragsbestell_nr",
                "value" : "function H63(input, parent, params) {let data = lookup_Export_H63(input);if (data && data.json_single && data.json_single.length) { if (data.json_single.filter(item => item.auftrags_nr === input).length) {return 'WRT';}}if (parent['debitor_nr'] == '009' && parent['auftragsbestell_nr'].slice(0, 3) == '098') {return 'WRT';};if(parent['debitor_nr'] == '054' && parent['abteilung_abt'] && !parent['kostenstelle_kst']){return 'WRE';};if (parent['debitor_nr'] == '009' && parent['abteilung_abt'] && !parent['auftragsbestell_nr'] && !parent['kostenstelle_kst']) { return 'WRT'; };if (parent['debitor_nr'] == '001' && parent['abteilung_abt'] && !parent['kostenstelle_kst']) { return 'WRT'; };return 'KRE';}"
            },
            "dok_dat_feld" : {
                "dataKey" : "dok_dat_feld",
                "default" : "function(input, parent, params){ if( (parent['rechnungtype'] == 'Rechnung') || (parent['rechnungtype'] == 'Gutschrift')) {return '';} if (parent['rechnungtype'] === 'Mahnung') { if (parent['mahnstufe'] === '') {return '1';} else {return parent['mahnstufe']; }}}"
            },
            "fileName" : {
                "dataKey" : "innenauftrag_ia",
                "value" : "function(input, parent, params){const type = params.document_link.link_type; if(type===\"imap\"){ return  params.document_link.mail.subject; }else if(type ===\"sftp\"){ return params.batch_name;} return params.batch_name;}"
            },
            "fileName_bad" : {
                "dataKey" : "innenauftrag_ia",
                "value" : "function(input, parent, params){const type = params.document_link.link_type; if(type===\"imap\"){ return  params.document_link.mail.subject +\"_invalid_document\"; }else if(type ===\"sftp\"){ return params.batch_name +\"_invalid_document\";} return params.batch_name +\"_invalid_document\";}"
            },
            "group_type" : {
                "dataKey" : "innenauftrag_ia",
                "value" : "function(input, parent, params){ const type = params.document_link.link_type; if(type===\"imap\"){ return  \"doc\"; } return \"batch\"; }"
            },
            "is_bad" : {
                "dataKey" : "innenauftrag_ia",
                "value" : "function(input, parent, params){const layout_name = params.layout_name; if(layout_name ==\"Bad\"){return \"true\"} return \"false\";}"
            },
            "Barcode" : {
                "dataKey" : "Barcode",
                "default" : "function(input, parent, params){const type = params.document_link.link_type; if(type===\"imap\"){ return  params.document_link.mail.subject; }else if(type ===\"sftp\"){ return params.batch_name;} return params.batch_name;}"
            },
            "Images" : {
                "dataKey" : "Images",
                "default" : "function(input, parent, params){ return params.getImageName(params.doc_uri);}"
            }
        }
    },
    "dictionary" : [ 
        {
            "fieldKey" : "lookup_Export_fieldA",
            "database_type" : "MongoDB",
            "host" : "sit-mgdb.digi-texx.vn",
            "port" : "27017",
            "username" : "",
            "password" : "",
            "database_name" : "phoenix",
            "schema_name" : "5c18695273ea2000234651f6_acquisition_item_management",
            "query" : {
                "_id" : "?"
            }
        }, 
        {
            "fieldKey" : "lookup_Export_H63",
            "database_type" : "rest",
            "host" : "https://lookups.digi-texx.vn/lookups/production/040_170516_002_505273/0/auftrags_bestellnr",
            "query" : "function paramsFn(input){return JSON.stringify([encodeURI(input),encodeURI(input)]);}"
        }
    ]
}